b,,r,,g,
X,Y,X,Y,X,Y
390.23764082326556,15.409759113150812,390.59310201585447,7.497585321038002,391.0374285065907,2.223547834933129
391.25959175195874,16.30999905698929,394.9623125080933,6.87260972977505,395.92501990468827,2.0971772545814673
392.14824473343106,17.08730707572377,399.2574685852094,6.352513123565842,400.81261130278585,1.9708066742298058
393.0368977149033,17.881636437934183,402.27888872221513,5.827688366391101,405.7002027008835,1.890857939721613
393.9255506963756,18.675965800144603,406.81101892772386,5.31137428095434,410.58779409898113,1.8263831538279192
394.8142036778479,19.46745827177569,411.4764470804534,4.707116587558559,415.4753854970787,1.8005932394704303
395.7028566593202,20.236255618772212,416.36403847855104,4.134580488822479,420.3629768951763,1.8238041623921788
396.5915096407925,20.993705403451422,421.2516298766486,3.6342561502873423,425.25056829327394,1.8882789482858726
397.62827145251015,21.79465417701359,426.1392212747462,3.234512477746378,430.1381596913716,2.0069125543302846
398.5465462000315,22.562505893817004,431.02681267284385,2.9095595568421118,435.02575108946917,2.17712598908966
399.4351991815038,23.28307610096502,435.9144040709415,2.687766293367787,439.91334248756675,2.3731293382065104
400.36828481204975,23.969603621161163,440.80199546903907,2.409235218306989,444.8009338856644,2.548500755837395
401.1236398463012,24.67031559425393,445.68958686713665,2.112651203195952,449.68852528376203,2.8218738480266836
402.04305389251675,25.501524533995543,450.5771782652343,1.9424377684365766,454.5761166818596,3.3350931437405507
403.25640700183465,26.317130575550884,455.46476966333194,1.8057512223419252,459.4637080799572,4.124264523079475
404.26848400851145,26.983011836530842,460.3523610614295,1.7309604707052415,463.9069729873187,5.27449470342313
405.34474150829453,27.668908936598257,465.2399524595271,1.7464344193197263,467.905911403944,6.465988746738759
406.2778271388405,28.361110237953042,470.12754385762474,1.8005932394704303,472.1270130659374,7.668830352371685
407.4775086638281,29.07084868107092,475.0151352557224,1.8392781110066636,476.57027797329886,8.865998176845949
408.77009481869686,29.896125940510316,479.90272665381997,1.8573310510568888,481.2357061260284,9.968259116484695
410.1434676082449,30.633144381926336,484.79031805191755,1.841857102442404,486.12329752412603,10.96374981068346
411.7840577278861,31.33242578626541,489.6779094500152,1.841857102442404,490.5261691141478,12.175875785485076
413.43148363969243,32.0320466475969,494.56550084811283,1.8624890339283837,492.59071644484106,13.438435370585758
415.07549165541616,32.701552824317105,499.4530922462104,1.9837016314085503,494.76297928843996,14.756013439649067
417.4748547053914,33.41408517482372,504.340683644308,2.231284809240364,496.5094292450834,15.980210527143
419.1188627211151,34.09446609876466,509.22827504240564,2.6310284817813283,498.07568012492834,17.317095212648923
420.88135780103516,34.80652563417471,513.9924424152987,3.0963931586318694,499.614665515569,18.943149312888103
422.58460934885704,35.59827600494938,517.8071942096958,3.7534849082015427,501.26457716998084,20.725291910177027
424.2878608966789,36.4070047360094,522.335906519122,4.426264420205584,504.5998740972375,24.773389285302656
426.06516685962356,37.255707834323495,527.0013346718515,4.980489679747848,505.96988077700723,26.607911859931477
427.6741673336529,38.07668677470331,531.8889260699491,5.191966977479197,502.31536718861173,23.23201207053721
429.6254752789837,38.96802589168917,536.7765174680467,5.032069508462811,506.56231609798874,27.827774809040335
431.62982719598574,39.919818268362896,541.6641088661443,4.781907339195243,507.6731323248291,29.177514154983818
433.0015970761156,40.732474844315924,546.551700264242,4.521429204184685,508.56178530630143,30.41339793705179
435.02575108946917,41.529956307170025,551.4392916623395,4.379584675218538,509.4504382877737,31.70367656304027
437.1204331172253,42.415471438001546,556.1047198150691,4.4103432559016795,510.1169280238779,32.90175624520076
438.3581997699903,43.14698393738409,561.6310305436,4.992578702102918,511.11666262803425,34.18240970672367
440.55963556500114,43.838153642164585,565.5096305356508,5.635725437190246,512.0053156095066,35.55120941124698
443.0578068835457,44.517420309549316,567.879371819577,6.431315639658152,512.8939685909788,36.92710134221859
446.13391335787287,45.12145978059284,569.4715417447148,7.189395844466105,513.7826215724511,38.29944715996606
450.0376389550547,45.75084421911977,570.3866427315882,8.202571051367144,514.8564105917301,39.71812885717579
455.0204431725957,46.25208962602481,571.3998047846403,9.24614151447522,515.6710091580798,41.1115149467199
459.90803457069336,46.31914340335426,572.011608183423,10.092669663345184,516.5596621395521,42.39875404708767
464.795625968791,46.063823251215204,572.4438166789573,10.91474897340425,517.2261518756563,43.55630672097211
469.0167276307844,45.47559828791165,573.1002080857268,11.834804168107397,518.3122832974557,44.9436813042886
471.016196839097,44.84596618433415,573.9814556256867,13.127007826988994,519.0034578386009,46.31214328374295
472.85274633413985,44.05478892276743,573.3593985386561,12.480196774903348,520.3364373108093,47.75850717910568
474.52637611591257,43.274644013453624,574.9568580648742,14.59570660691272,521.6694167830178,49.388143211894516
476.12595148256275,42.55123691572628,573.877779444515,13.927010970358033,523.0023962552261,50.85071791056766
477.4589309547712,41.852652610568015,575.3835525520096,15.512517594135176,524.5777356314725,52.45198503756326
478.24660064289435,41.199845403394264,575.77471177035,16.3492790803953,525.9645728601338,53.92716813881118
479.2564335763856,40.51641267292102,576.0994118981957,17.1965273630277,527.1124162945355,55.15057720114419
480.6802980126082,39.728530789299974,576.7659016342999,18.060142322079273,528.3343141440599,56.439842651925765
481.7608192514438,38.92775394850019,576.9140104645453,18.935698893184835,530.515553280401,57.79049730956184
483.2796079834147,38.15121962719643,577.7570914982498,19.81683225773692,532.6442811042006,59.06477697796498
484.1238283158134,37.416464967151796,577.9777011544894,20.670213911027425,535.8878644865745,60.46462487382866
485.01248129728566,36.77107236035583,578.4624209625651,21.58403654309417,540.331129393936,61.45266514832416
485.72834064347165,36.09888689808849,578.7406860375717,22.396705399958797,545.2187207920335,61.35724246520148
486.43432606764134,35.44482601452237,579.3683853657544,23.30901338626169,549.8841489447631,60.47187470530915
487.32297904911366,34.76113538490555,579.5305997988803,24.26274898102453,553.6609241160203,59.19314627667934
488.2116320305859,34.06893408355075,580.2020264959929,25.221617996835683,556.4076696951165,57.916867889913505
489.1002850120582,33.37673278219596,580.4093788583364,26.261811209254084,558.9928420048541,56.62694234013349
489.9889379935305,32.69304215257914,581.1456913286991,27.187448078278877,561.6184076319313,55.3327184712939
490.8775909750028,32.01218841354164,581.5350059682012,28.36300149833926,563.6829549626245,54.12575047936379
491.76624395647514,31.319987112186844,582.0978195231337,29.666877779917023,565.8799026112642,52.90588753025493
492.6548969379474,30.62778581083206,582.0082772732693,29.132744475528874,568.101535064945,51.572548957973154
493.54354991941966,29.932747618897942,582.3370722489146,30.775231380172762,570.3231675186257,50.21084147989816
494.432202900892,29.24622009870179,583.0234997121673,31.749776034954266,572.5447999723065,48.85197089240248
495.3208558823643,28.548345016188357,583.319717372658,33.002736040821894,574.7417476209464,47.512643328897695
496.20950886383656,27.853306824254247,583.2585865812273,32.42353754754346,576.5684231939726,46.22028206498392
497.0981618453089,27.1554317417408,583.8116502731159,34.22698941582732,578.5432075972444,44.98387058749568
497.98681482678114,26.48649294313646,583.554804241718,33.67176940244555,580.320513560189,43.82074544997329
498.87546780825346,25.785213591927835,584.0972887314463,35.66232095893713,582.0978195231337,42.654074199226734
499.735845467588,25.055359015611117,584.1059044805743,34.96255461603747,584.0726039264055,41.39441597949127
500.78607171841884,24.38252880548484,584.6452914033542,36.739393748886734,585.8745946943909,40.1398799233018
501.5414267526703,23.672675740525364,584.9489145053573,38.11386723456868,587.4297374119674,38.9727020849518
502.4018044120048,22.966375952655156,584.6156696373051,37.473202778738255,589.207043374912,37.696607911859935
503.4075980137621,22.22491591487757,585.7764366953986,38.99566738964156,590.8177269038306,36.35972322635401
504.340683644308,21.54563822616192,586.0072156898946,39.68597743061013,592.2284635119178,34.99943419356867
505.0960386785595,20.87171910854054,586.7632476758632,42.661166425675034,594.0057694748624,33.44765504667903
505.9846916600318,20.15965957313049,587.2816285817221,43.67338474488068,595.5757230754634,31.925505645840104
507.0066425887249,19.466684574344967,586.731510069382,41.679906237791386,597.2857068428419,30.38355532186671
507.8952955701972,18.771789659712844,587.7555768385073,44.73375140141871,599.1437994404658,28.683999965708708
508.7839485516695,18.10984852453749,587.9952438547225,45.798187133333144,600.8403187687311,27.015392506779676
510.1169280238779,17.312367061683382,588.6146080539304,46.76874757698635,602.2406204365057,25.624456459099534
511.2277442507183,16.54758864300758,585.8573631961351,40.95548596485714,603.5735999087142,24.35415989969161
512.1163972321906,15.944749394901464,588.960195324503,47.6292710527143,604.9065793809225,23.090167541571063
513.1383481608837,15.280207776695072,589.4662338278415,48.503978981338875,606.239558853131,21.829327284094212
514.3380296858713,14.5038453881537,590.5400228471204,49.87750683682771,607.5725383253395,20.609464334985354
515.6710091580798,13.669326742736203,591.3261389461152,50.95279747756723,609.0351130240126,19.423486467796188
517.0039886302882,12.86081292762917,592.0581383571356,51.9058836010436,610.7124455265415,18.074544997328147
518.6616682303422,12.061209858572589,592.9838185461692,52.882246775427234,612.7563473839277,16.650425926508035
520.0895892604003,11.295006932875104,594.265529577139,53.78532360984504,614.5336533468724,15.306449014553806
522.2089560931972,10.528821326411943,594.7611245091139,54.56901463238299,616.310959309817,14.026302140634336
524.1132124820665,9.819193411498446,596.7605937174264,56.076900777809215,618.1376348828433,12.773342134766722
526.5570081811154,9.12415521956433,597.4629003534765,56.7158315782856,620.4714709958009,11.456337174911354
528.7786406347961,8.505713073271949,600.5801635986375,57.647877379590824,623.1778232575574,10.19521036283053
531.4104206183871,7.880069589355102,604.2030624372569,57.300703852722684,627.4191215782206,8.861585235944773
534.1509518409696,7.38668868930084,606.7579397589898,56.70022868009933,631.8623864855821,7.639429850004149
538.7759866763594,6.865990318423286,609.4037020447369,56.03678313325313,636.7499778836798,6.757414778978301
543.4414148290889,6.267406406186154,611.4233679117194,55.377134434909564,641.6375692817774,6.128140868655763
548.3290062271865,5.653606444478115,613.1562412255903,54.69596548580769,646.525160679875,5.694870307450088
552.5056752401063,5.138323955615633,614.607707761995,54.026459309087485,651.4127520779725,5.413760240953536
557.2155360419094,4.696800621815555,616.189779357798,53.297894228488644,656.3003434760701,5.251283780501396
562.103127440007,4.356373752296804,618.0142108576389,52.55836843428787,661.1879348741677,5.220335883272426
566.9907188381046,4.139738471693974,619.9681081181837,51.766766851480654,666.0755262722654,5.310600583523609
571.8783102362023,4.0675267114930165,621.7169316137733,50.979166011798114,670.963117670363,5.583973675712912
576.7659016342999,4.142317463129714,623.494237576718,50.251030763105234,675.8507090684607,6.0352971769688395
581.6534930323976,4.268688043481376,625.2715435396626,49.53235181634343,680.7383004665583,6.62072823288365
586.5410844304952,4.407953581011768,627.0488495026071,48.80894471861608,685.6258918646558,7.329950877714381
591.4286758285928,4.431164503933516,628.8261554655517,48.06662501702658,690.5134832627534,8.093332342695817
596.3162672266903,4.3202678721963395,630.4082270613546,47.34816098621776,695.401074660851,8.874766747727492
601.2038586247879,4.119106540207994,632.2663196589785,46.64409632425853,700.2886660589486,9.547883512457744
606.0914500228855,3.848312439454432,633.5952597994531,45.97536384496904,705.1762574570463,10.045628859557134
610.9790414209832,3.5620443900863847,635.3766050941316,45.31075775197675,710.0638488551439,10.375739763332895
615.8666328190808,3.2964082722043457,636.705545234606,44.65337283500456,714.9514402532416,10.502110343684556
620.7542242171785,3.0900889573444914,638.6298207291019,43.97841109947797,719.8390316513392,10.509847317991792
625.6418156152761,2.96371837699283,641.227421751867,43.192810631357766,724.7266230494367,10.440214549226596
630.5294070133737,2.8863486339203916,643.8592017354581,42.44059818313268,729.6142144475343,10.406687660561872
635.4169984114712,2.8760326681774018,646.3029974345068,41.780548308343555,734.5018058456319,10.49179437794156
640.3045898095688,2.925033505456611,649.1911196242918,41.110501771513,739.3893972437295,10.74969352151637
645.1921812076664,3.033351145758033,652.3014050594448,40.490438544889564,744.2769886418272,11.22164895425827
650.0797726057641,3.1726166832884246,655.661624145637,39.925340073240505,749.1645800399248,11.91539765047451
654.9673640038617,3.3660410409695345,659.6821617666731,39.336094259160305,754.0521714380224,12.779359781450125
659.8549554019594,3.551728424343409,663.3503237957503,38.60606775008121,758.93976283612,13.746481569855668
664.742546800057,3.734836816281515,666.4856738021756,37.957656400745705,763.8273542342176,14.677497478160738
669.6301381981546,3.9153662167838803,669.1858117074185,37.333722325254875,768.7149456323152,15.487300788985642
674.5177295962521,4.057210745750027,671.649804065137,36.733032236678554,773.6025370304128,16.095942767822194
679.4053209943497,4.178423343230193,674.2753696922143,36.09344236061302,778.4901284285105,16.4982654317989
684.2929123924473,4.294477957838851,676.2950355591968,35.484227272568525,783.3777198266081,16.732953652451982
689.180503790545,4.415690555319017,678.5166680128775,34.894469242133724,788.2653112247057,16.843850284189145
694.0680951886426,4.539482144234924,680.7383004665583,34.27886398642065,793.1529026228033,16.95990489879781
698.9556865867403,4.629746844486121,682.959932920239,33.64907427781096,798.8482205016363,17.14798195706159
703.8432779848379,4.67874768176533,685.1815653739197,33.01644767862195,803.8167384004709,17.27196286252333
708.7308693829355,4.634904827357602,687.4031978276005,32.3781472982743,808.7043297985684,17.509230074612155
713.618460781033,4.542061135670664,689.6248302812812,31.745520699085283,813.591921196666,17.77228720105846
718.5060521791306,4.426006521062007,692.0686259803299,31.059465993985697,818.4795125947636,18.014712396018787
723.3936435772282,4.333162829375084,694.7345849247467,30.32660259432727,823.3671039928613,18.210715745135644
728.2812349753259,4.258372077738372,697.4005438691637,29.641020704324234,828.2546953909589,18.321612376872814
733.1688263734235,4.28158300066012,700.0665028135807,28.98853587107996,833.1422867890565,18.22618969375013
738.0564177715212,4.395058623833037,702.9546250033654,28.312072557939032,838.029878187154,17.976027524482568
742.9440091696188,4.562693067156658,706.0649104385184,27.651482323039552,842.9174695852518,17.56854687763436
747.8316005677164,4.7999602792454965,709.2344394057698,27.018315363740193,847.8050609833493,17.06048556479199
752.7191919658139,5.083649337177789,712.7298077995608,26.36854921730111,852.6926523814469,16.562740217692607
757.6067833639115,5.421497215260771,716.2844197254499,25.737341063401757,857.5802437795445,16.088205793514952
762.4943747620092,5.82381987923749,721.1720111235475,25.230730433241995,862.4678351776422,15.670409180923755
767.3819661601068,6.324144217772613,726.0596025216452,24.76651197480733,867.3554265757398,15.317087354226267
772.5657752186952,6.910434937499346,730.9471939197427,24.614351480098193,872.2430179738374,14.93797561317129
776.4775907939996,7.517307020252545,735.8347853178404,24.79488088060056,877.130609371935,14.49181009478687
779.3787814099827,8.267414264608817,740.722376715938,25.117254810069078,882.0182007700326,13.950221893279775
781.9706859392769,8.910442795922009,745.6099681140356,25.527314448353025,886.9057921681302,13.310632017214246
783.7479919022214,9.5463791007869,750.4975595121332,25.914163163715237,891.7933835662278,12.593672398076265
785.5252978651661,10.229596915307162,755.3851509102308,26.228800118876514,896.6809749643254,11.819974967351826
787.0211970506444,10.908559393958448,760.2727423083285,26.396434562200135,901.5685663624231,11.051435519498895
788.7096377154418,11.611076661056238,765.1603337064261,26.350012716356673,906.4561577605207,10.303528003131952
790.2647804330184,12.363884261151114,770.0479251045236,26.04827071837414,911.3437491586183,9.63556922127318
791.8643557996684,13.118497155251006,774.6527632812437,25.46799764533081,916.2313405567158,8.990821362336163
793.3548692095015,13.85479921015709,777.7403274753932,24.83840136107881,921.1189319548135,8.415706272164329
794.2637188496436,14.526304105240001,781.5220033064747,24.25663019742207,926.0065233529111,7.897328993578967
795.7784682498806,15.260349542639808,785.1550257895526,23.586623392952575,930.8941147510087,7.435689526580049
797.1518410394286,15.972724288114229,788.6071008329642,23.037794177029717,935.7817061491063,7.007576948245855
798.7675737330146,16.619478029279065,793.5972291135395,22.533105391449467,940.669297547204,6.594938318526161
800.1813398399023,17.26422588821609,798.484820511637,22.10241382167954,945.5568889453016,6.171983723063477
801.5951059467901,17.932700468362,803.3724119097346,21.79809283226126,950.4444803433992,5.764503076215277
803.8167384004709,18.59369597334424,808.2600033078322,21.571141585915427,955.3320717414967,5.349285455059828
806.4485183840618,19.26036525948512,813.1475947059299,21.28229454511164,960.2196631395944,4.9521207739546185
809.0802983676529,19.90630342216172,818.6035178411394,20.921448080274658,965.107254537692,4.575588024335403
813.591921196666,20.45185930280075,823.3671039928613,20.421272178611957,969.9948459357896,4.235161154816652
818.4795125947636,20.6530206347891,828.0325321455908,19.833417156508354,974.8824373338872,3.9359981482698743
823.3671039928613,20.761338275090523,831.4982787733327,19.300081727595646,979.7700287319848,3.654888081773322
828.2546953909589,20.761338275090523,836.2155450166482,18.711899747482697,984.479889533788,3.4594348222424856
833.1422867890565,20.64528366048185,839.5532832982494,18.316085966653354,989.26750747147,3.2614025712758945
838.029878187154,20.402858465521533,843.806122566724,17.820187859165635,993.7663131901735,3.1059236789991473
842.9174695852518,19.912850092729393,848.6937139648217,17.197550743978304,998.6539045882711,2.8789724326533133
847.6463729509435,19.187416644588247,853.5813053629192,16.75838279376927,1003.9858224771049,2.7382280828591945
851.7104569808723,18.52128060855626,858.4688967610168,16.357899715096465,1009.3177403659386,2.4681733882375028
855.7245272594112,17.87863267143843,863.3564881591144,16.049520921978726,1014.6496582547724,2.2412221418916687
860.0069499981804,17.305092983274868,868.2440795572121,15.678146155231005,1019.6113040679927,2.0331834994079827
865.133794122059,16.725216678144733,873.1316709553097,15.105249283454732,1025.7805907172997,1.8103448275862064
870.0213855201566,16.175891502330387,876.9084461265669,14.633483167258696,1032.5316455696202,1.5517241379310462
874.9089769182542,15.685883129538247,886.0429864340413,13.302895042906997,1040.632911392405,1.2068965517241423
879.7965683163519,15.180400808131616,889.5889826108026,12.663018612237487,1048.73417721519,1.0344827586206833
884.6841597144495,14.600127735088286,893.3657577820599,12.06530152767737,1058.8607594936711,0.7758620689655231
889.2755334520563,13.955379876151262,895.7923219828531,11.44945986441602,1068.987341772152,0.6034482758620783
892.0472844180771,13.40826526442472,900.8039186273264,10.822191836321288,1082.4894514767934,0.4310344827586192
895.7139114256644,12.837311236065169,905.3625730319359,10.190826077389758,1093.2911392405063,0.3448275862069039
899.3469339087424,12.230195792600519,910.0280011846654,9.558199478200741,1100.042194092827,0.3448275862069039
902.9799563918202,11.594085658656006,914.915592582763,8.94955749936419,,
906.8220736940681,10.958288417054824,919.9906644401985,8.457341113920194,,
910.5335067343348,10.327497452946545,925.8515424370515,7.9317155460555995,,
914.4540345937713,9.733141063925636,931.4796779863761,7.402162637915325,,
918.8631205403069,9.187221479366215,938.1445753474184,6.8347845220507395,,
922.1980105751727,8.788186320955944,944.1429829723563,6.324144217772613,,
926.4508498436472,8.33833652909189,949.3595113639421,5.828977862108985,,
931.3384412417448,7.835433199121013,954.0002547116308,5.441556037538817,,
936.2260326398425,7.37895171499359,959.0359549399737,5.038087155146229,,
941.1136240379401,6.958576110966661,963.5779590674988,4.67874768176533,,
946.0012154360377,6.540779498375457,969.2474296989486,4.367789897211836,,
950.8888068341353,6.130719860091503,974.1522525953018,4.054631754314286,,
955.776398232233,5.720660221807549,879.957805907173,14.224137931034484,,
960.6639896303305,5.320916549266599,882.6582278481013,13.793103448275865,,
965.5515810284281,4.931488842468639,977.8481012658228,3.7931034482758577,,
970.4391724265257,4.573009032899662,983.2489451476795,3.5344827586206975,,
975.3267638246234,4.255793086302631,989.324894514768,3.275862068965523,,
980.214355222721,3.966946045498844,996.0759493670887,2.931034482758619,,
985.1019466208186,3.703888919052531,1004.1772151898736,2.5862068965517295,,
989.9895380189162,3.456305741220717,1012.9535864978903,2.2413793103448256,,
994.8771294170139,3.2216175205676336,1022.4050632911393,1.8103448275862064,,
999.7647208151114,2.997245265657554,1029.831223628692,1.4655172413793167,,
1004.652312213209,2.785767967926219,1040.632911392405,1.2068965517241423,,
1009.5399036113066,2.569132687323375,1050.084388185654,0.948275862068968,,
1014.4274950094043,2.355076398156271,1059.535864978903,0.7758620689655231,,
1019.3150864075019,2.148757083296431,1068.987341772152,0.6034482758620783,,
1024.2026778055995,1.9475957513080715,1078.4388185654009,0.5172413793103487,,
1029.090269203697,1.7412764364482314,1089.240506329114,0.4310344827586192,,
1033.9778606017949,1.5478520787671215,1100.042194092827,0.3448275862069039,,
1038.8654519998922,1.3750596525719914,,,,
1043.75304339799,1.2074252092483704,,,,
1048.6406347960874,1.065580680282224,,,,
1053.5282261941852,0.9288941341875869,,,,
1058.4158175922828,0.8128395195789011,,,,
1063.3034089903804,0.7122588535847285,,,,
1068.191000388478,0.6400470933837852,,,,
1073.0785917865755,0.5652563417470873,,,,
1077.9661831846734,0.5162555044678783,,,,
1082.8537745827707,0.4543597100099248,,,,
1087.7413659808685,0.4311487870881905,,,,
1092.628957378966,0.37441097550173197,,,,
1097.5165487770637,0.33572610396551283,,,,
1100.4046709668487,0.30993618960802394,,,,
