b,,g,,r,
X,Y,X,Y,X,Y
400.5658011665439,0.47400621595792203,407.15370945109527,0.07884213978739596,400.9727013841191,0.08936563172670964
401.5055469071343,0.4879370940537975,409.49822975236214,0.07244459843221851,403.31722168538596,0.0843588602313533
402.35809974395863,0.5000483815830736,411.84275005362895,0.06734510894620749,405.66174198665277,0.07800767787150331
403.2106525807829,0.5119046946380492,414.18727035489576,0.062245619460196466,408.0062622879196,0.06887495579201075
404.0632054176072,0.5235697768372994,416.53179065616257,0.057517001936804424,410.3507825891864,0.060252182661119424
405.02232735903453,0.5358213003274409,418.8763109574294,0.053205615371358705,412.69530289045326,0.05533812915641789
406.10739460590185,0.5474388645564805,421.22083125869625,0.050748588619007995,415.0398231917201,0.05107310158629963
407.34747145946443,0.5592604083649606,423.56535155996306,0.050655870628353306,417.3843434929869,0.04676171502085391
408.53910781093475,0.5713137471500775,425.9098718612299,0.050655870628353306,419.7288637942537,0.04263576443671768
409.7113679615682,0.5829915780730428,428.2543921624967,0.050655870628353306,422.0733840955205,0.04147678955353351
410.8836281122016,0.5947713987857282,430.59891246376355,0.050655870628353306,424.4179043967874,0.041337712567551366
412.07526446367194,0.6068247375708451,432.94343276503037,0.050655870628353306,426.7624246980542,0.038138941889962696
413.4166937523815,0.6197196704249821,435.2879530662972,0.05172212752088279,429.106944999321,0.03294673441329676
414.7201158779109,0.6325076209822097,437.632473367564,0.05584807810501902,431.4514653005878,0.030767861632910343
416.1055142377504,0.6443821464996353,439.9769936688308,0.059417720745226776,433.7959856018547,0.030767861632910343
417.4909125975899,0.6556253066521263,442.32151397009767,0.0598349517031731,436.1405059031215,0.030767861632910343
418.87631095742944,0.6668199002380838,444.6660342713645,0.06039125964710146,438.4850262043883,0.030767861632910343
420.26170931726887,0.6780630603905747,447.0105545726313,0.06465628721721983,440.8295465056551,0.02868170684317861
421.6471076771084,0.6892576539765323,449.3550748738981,0.0697094177079034,443.1740668069219,0.024370320277732782
423.03250603694784,0.7004583183833064,451.699595175165,0.07434531724064075,445.51858710818874,0.02163513955341778
424.4179043967874,0.7116589827900806,454.0441154764318,0.07884213978739596,447.8631074094556,0.021588780558090548
425.9098718612299,0.723387808607906,456.2228616149828,0.08788214387623361,450.2076277107224,0.021588780558090548
427.4018393256724,0.735007359651031,458.0084861676648,0.0992030105351781,452.55214801198923,0.021588780558090548
428.8938067901149,0.7465176359194559,459.6632137191374,0.10874369177355148,454.8966683132561,0.021588780558090548
430.2792051499544,0.7577000878637801,460.7461280548006,0.12187874044964042,457.2411886145229,0.021588780558090548
431.5580344051908,0.7688764689872876,461.61052190324745,0.13409626734320845,459.5857089157897,0.021588780558090548
432.8368636604273,0.7800953458565116,462.46307474007176,0.14588883677960884,461.93022921705654,0.021588780558090548
434.1156929156638,0.7911867354885858,463.315627576896,0.1573626881231337,464.27474951832335,0.021588780558090548
435.3092668872178,0.8018106719177753,464.3173771601646,0.16926999607296933,466.61926981959016,0.021588780558090548
437.20619694915183,0.8130295487869995,465.0562562854123,0.18114614047594613,468.963790120857,0.021588780558090548
439.209696115689,0.8248603643945451,465.69567091303054,0.19400818617955173,471.30831042212384,0.021588780558090548
441.0426847148612,0.8361472344569161,466.3350855406488,0.20698355387173528,473.65283072339065,0.021588780558090548
442.9396147767953,0.8467881691843924,466.974500168267,0.2198455995753409,475.9973510246575,0.02321134539454861
445.09231068977664,0.8591103901424081,467.6139147958852,0.23287762826181335,478.34187132592433,0.027476372964666762
447.43683099104345,0.8691239331331206,468.25332942350343,0.245852995953997,480.68639162719114,0.030628784646928198
449.78135129231026,0.878117578226631,468.8039364639525,0.2581413490904263,483.03091192845795,0.030767861632910343
452.12587159357713,0.8840051706332073,469.50847665549475,0.2706138504582949,485.37543222972477,0.030767861632910343
454.47039189484394,0.8886410701659446,470.17157330635814,0.2828526252247213,487.7199525309916,0.030767861632910343
456.81491219611075,0.8859058894416296,470.5623266899026,0.29447521167825474,490.06447283225845,0.031370528572166156
459.15943249737757,0.8807600409602913,471.0478081664275,0.3062536158660829,492.40899313352526,0.035867351118921365
461.5039527986444,0.8761705004228814,471.4740845848397,0.31854905162679836,494.75351343479207,0.04045689165633126
463.8484730999112,0.8716736778761262,471.9003610032518,0.3308444873875138,497.09803373605894,0.04147678955353351
465.979855191972,0.8635711556927975,472.5677634765234,0.3447573369852065,499.44255403732575,0.041708584530170345
467.89809907482663,0.8517856688806832,472.9660520492822,0.35826840862339526,501.78707433859256,0.044814637217104325
469.7950291367607,0.8404648022217388,473.5995461710892,0.3727311274156654,504.1315946398594,0.04903330579189513
470.8984292505737,0.8299755446174362,474.22830388824707,0.38819107970742217,506.4761149411262,0.050655870628353306
472.26743236355117,0.8192764234073631,474.611952664818,0.4009270546987346,508.820635242393,0.05070222962368054
473.65283072339065,0.8080757590005888,475.1447981878332,0.4140964862963581,511.1651555436598,0.05288110240406707
475.03822908323014,0.7966686866860475,475.62435915854684,0.4276356308817173,513.5096758449267,0.057238847964840245
476.3170583384666,0.7845573991567714,476.1394431641282,0.44042685034246154,515.8541961461935,0.06182838850225014
477.50869468993693,0.7724190688802209,476.4236274430696,0.4521313928770202,518.1987164474604,0.06697423698358851
478.7487715434995,0.7605975250717408,476.9031884137833,0.4634595445209446,520.5432367487272,0.07188829048829004
479.85321499120374,0.7491468532258798,477.32946483219547,0.4754433448130705,522.887757049994,0.07629239504439045
481.0932918447663,0.7372789504220723,477.8445488377768,0.488135407533809,525.2322773512608,0.07981567868927075
482.2849281962367,0.7253183296276101,478.12873311671825,0.4998480444961233,527.5767976525276,0.08023290964721708
483.4571883468701,0.7134875140200645,478.6082940874319,0.5111397712151476,529.9213179537944,0.08023290964721708
484.6197603970851,0.7022779089499058,479.12337809301323,0.5238318339358862,532.2658382550612,0.08023290964721708
485.48200133432783,0.6907055447413104,479.40756237195467,0.5355444708982003,534.610358556328,0.0799547556752529
486.5358513687356,0.6785163483448868,479.97593092983755,0.5476294515372708,536.9548788575948,0.07666326700700943
487.4002452171825,0.665973020734157,480.36668431338205,0.5599673830437031,539.2993991588617,0.07235188044156371
488.2527980540068,0.6539254768234559,480.79296073179415,0.5717599524801036,541.6439194601286,0.06748418593218963
488.99878178622805,0.6427065999542317,481.2192371502063,0.5834887782979288,543.9884397613954,0.06238469644617861
489.9460627160328,0.6309211131421174,481.53894446401546,0.5944071495367275,546.3329600626622,0.060344900651774225
490.8104565644797,0.619248948318581,482.1073130218983,0.6064435636092645,548.677480363929,0.060344900651774225
491.67485041292656,0.6079734104550678,482.3914973008397,0.6180105008719784,551.0220006651958,0.060344900651774225
492.7168594357118,0.5965278896086876,482.9598658587226,0.6300145372334932,553.3665209664626,0.060344900651774225
493.58125328415866,0.5854648304737582,483.24405013766403,0.6414681525076291,555.7110412677295,0.060344900651774225
494.44564713260553,0.5743167798473952,483.8124186955469,0.6534155278748548,558.0555615689964,0.060344900651774225
495.4876561553908,0.5623046490581247,484.09660297448835,0.6646344047440791,560.4000818702632,0.062431055441505956
496.35205000383763,0.5502146094017071,484.40341965791606,0.6771564844819505,561.9986184393088,0.06882827575100947
497.20460284066195,0.5386132708210319,484.9152072045831,0.6924800658460399,563.7447122301123,0.07623731348505824
498.0571556774862,0.5269481886217817,485.90008012930895,0.7093843863259357,565.3991416861875,0.08811393885287055
498.9097085143105,0.5152831064225316,486.65426148496124,0.7258282785762112,566.3679517280332,0.10286189424139103
499.76226135113484,0.5037455114604317,487.2936761125794,0.7398802051598861,567.315232657838,0.11570269207213824
500.61481418795915,0.49208042926118145,487.9330907401977,0.7539321317435608,568.1796265062849,0.12816811081572066
501.46736702478347,0.48022411620620586,488.5725053678159,0.7680973803158135,569.0677023779768,0.139726953650679
502.31991986160773,0.46824031591408,489.3281772004556,0.783127996800844,569.9202552148012,0.15128579648563723
503.17247269843205,0.45619277200337893,490.09999586712615,0.7981135420404173,570.3110085983457,0.16278089570202037
504.0250255352563,0.44433645894840335,490.89764946824585,0.8116387789271784,570.7372850167578,0.17387228533409438
504.8775783720806,0.43260763313057804,491.80510154077473,0.8251833320619925,571.1635614351699,0.18509116220331856
505.73013120890494,0.42138875626135386,492.657654377599,0.8387819706913551,571.5898378535821,0.19624629545396766
506.5945250573518,0.41011321839784054,493.4359317778818,0.851878386871338,572.0161142719942,0.20746517232319184
507.63653408013704,0.3985543755628822,494.20882690015435,0.866007578447225,572.4423906904063,0.21868404919241613
508.51276894020646,0.386542244773612,495.1797898532042,0.8791699274205623,572.9278721669314,0.23061118849025297
509.56661897461424,0.37432046830547216,496.2648571000715,0.8904954299790395,573.3541485853435,0.24296328524525734
510.6323100206447,0.3615717445904447,497.5049339536341,0.9021315378062101,573.7212199456428,0.2550179117802446
511.69800106667503,0.3488740157702772,498.6965703051045,0.9142119193386014,574.3014295151482,0.26778080074384436
512.7636921127054,0.3363802665295502,499.84945425490093,0.9252646764745691,574.846116049786,0.2806995074417389
513.8293831587357,0.3238355223939632,501.3607979201804,0.9374570922456682,575.2558150519266,0.29344256505733746
514.9822671085323,0.3106834754195875,503.17247269843205,0.9486759691148925,575.6820914703387,0.30690521730040665
516.0673343553996,0.2990520034919496,505.1972856858897,0.960312076942063,576.1083678887509,0.3204188644383358
517.1330254014299,0.28813909599188614,507.5418059871566,0.9695838760075376,576.534644307163,0.33388151668140487
518.3052855520633,0.2765632548586411,509.8863262884234,0.9778357771758099,576.9609207255752,0.3473951638193341
519.4775457026967,0.264936418830536,512.2308465896903,0.9836306515917316,577.3871971439874,0.3608578160624031
520.6498058533302,0.25391302239160884,514.5753668909571,0.9887765000730699,577.8134735623995,0.37432046830547216
522.0188089663077,0.24294585109316846,516.9198871922239,0.9933196816151525,578.2397499808117,0.3879361052331216
523.2429873986707,0.23224019207606195,519.2644074934907,0.9973529142086339,578.6660263992237,0.4015007472659109
524.7603284594474,0.2209423945362209,521.6089277947575,0.9986509660778004,579.092302817636,0.41521837398328054
526.0137841183497,0.20980243833761358,523.9534480960243,0.9986509660778004,579.518579236048,0.42919097517495064
527.5311251791263,0.19857749064757269,526.2979683972911,0.9986509660778004,579.9448556544602,0.4434185508409214
528.7845808380287,0.18732218885344842,528.642488698558,0.9986509660778004,580.3711320728723,0.45790110098119263
530.3475943722066,0.17809674878330117,530.9870089998249,0.9971211192319971,580.7974084912845,0.47238365112146397
532.6921146734734,0.17007664259166566,533.3315293010917,0.9929024506572062,581.2402623259683,0.48637891671084965
535.0366349747402,0.16136115147011953,535.6760496023585,0.9883592691151236,581.5976455858491,0.5007553562618161
537.3811552760071,0.15190391642333545,538.0205699036253,0.9832134206337853,582.076237746521,0.5158313015422777
539.7256755772739,0.14244668137655148,540.3650902048921,0.9772331102365541,582.5025141649331,0.5301098721031086
542.0701958785407,0.13294308733443994,542.7096105061589,0.968888491077627,582.9287905833453,0.5445924222433799
544.4147161798076,0.12339313429700127,544.9475617028227,0.960047830668697,583.3550670017574,0.5590749723836511
546.7592364810744,0.11388954025488984,546.8658055856774,0.9490584308263432,583.7979208364411,0.5727869330015919
549.1037567823412,0.1044786642034331,548.677480363929,0.9376837362228243,584.1553040963221,0.5870758055613843
551.448277083608,0.09803476385292831,550.8088624559898,0.9264700103530809,584.6338962569939,0.601604714696983
553.7927973848748,0.09358430030150056,553.1533827572566,0.9175690832502252,585.060172675406,0.6154243312040728
556.1373176861416,0.08658409200706718,555.2847648493173,0.9086166461525615,585.4864490938182,0.6292949426060228
558.4818379874084,0.07647783102569994,556.8587085480699,0.8965042689887798,585.9127255122303,0.6428595846388121
560.8263582886752,0.07063659761445096,558.4982332342705,0.8853638458039557,586.3390019306424,0.6565772113561816
563.170878589942,0.07054387962379616,560.2508851238189,0.8749373511471732,586.7904674101426,0.6707074331319649
565.515398891209,0.0691067507686477,562.3183257531178,0.8637411386756646,587.2081321837384,0.684295769762366
567.8599191924758,0.06405362027796402,564.2365696359725,0.8524656008121514,587.6430202469669,0.6979665223844602
570.2044394937426,0.059139566773262486,566.1548135188272,0.841133401954349,588.0606850205627,0.7114930470210914
572.5489597950094,0.05482818020781688,568.0730574016818,0.8298012030965469,588.3922333459943,0.7242417707361188
574.8934800962762,0.051397614553591264,569.8421045380923,0.8179250586935701,588.8753466201947,0.7388829716603994
577.238000397543,0.05116581957695432,571.0569923305669,0.8070194361784866,589.2536669415356,0.7518994185734424
579.5825206988098,0.05116581957695432,572.5489597950094,0.7949992109614605,589.7065856360985,0.7657572812516774
581.9270410000768,0.05116581957695432,573.9589510251419,0.7832956023993354,590.3815232985844,0.7785796642592807
584.2715613013436,0.05116581957695432,575.3197565146884,0.7718511711874606,591.0209379262026,0.7898552021227939
586.6160816026104,0.05116581957695432,576.5792095690879,0.7598094221511755,591.6603525538208,0.8010174179977292
588.9606019038772,0.051026742590972285,577.6642768159552,0.748877971052981,592.299767181439,0.8123496168555314
591.305122205144,0.047920689904038305,578.7299678619856,0.7379650635529174,592.9391818090572,0.8236251547190446
593.6496425064108,0.04365566233391993,579.815035108853,0.7270799714500503,593.5785964366755,0.8348440315882688
595.9941628076776,0.041523148548860744,581.0551119624155,0.715351145632225,594.182488029426,0.8464949485389468
598.3386831089445,0.04147678955353351,582.1595554101197,0.7035759608190723,595.070563901118,0.8584575009582143
600.6832034102113,0.03939063476380178,583.3996322636824,0.6921716479685385,596.6548912562165,0.8694299025022814
603.0277237114781,0.03438386326844545,584.4846995105496,0.6807487915198739,598.3968117114553,0.8804355279929996
605.3722440127449,0.030860579623565032,585.93023540231,0.6657475343050143,600.4700652010052,0.887945685236034
607.7167643140118,0.030767861632910343,587.6489821549167,0.6451778910128371,602.814585502272,0.8834488626892789
610.0612846152786,0.030767861632910343,588.8540327992741,0.6305698149775256,605.1591058035389,0.877375834301393
612.4058049165454,0.030767861632910343,589.9078828336819,0.6183423724099568,607.5036261048057,0.8681503942312458
614.7503252178122,0.030767861632910343,590.7722766821288,0.606245250129253,609.8481464060725,0.8587395181797891
617.0948455190791,0.030767861632910343,591.6248295189531,0.594643911548578,612.1926667073394,0.8500240270582431
619.4393658203459,0.030767861632910343,592.4773823557774,0.5827238548750272,614.5371870086062,0.841679407899316
621.7838861216128,0.030767861632910343,593.2233660879987,0.5713137471500775,616.881707309873,0.8357918154927395
624.1284064228796,0.030767861632910343,594.1706470178035,0.5595282603379632,619.2262276111398,0.8305996080160738
626.4729267241464,0.030767861632910343,595.0350408662503,0.546963684854375,621.5707479124067,0.8260564264739914
628.8174470254132,0.030767861632910343,595.7810245984716,0.5356173207480005,623.9152682136735,0.8217450399085456
631.16196732668,0.030767861632910343,596.7283055282763,0.5236618509530191,626.2597885149403,0.8169237043944988
633.5064876279469,0.030767861632910343,597.5926993767232,0.5112035148337227,628.6043088162071,0.8117314969178331
635.8510079292137,0.032668580441332695,598.4452522135475,0.49928345816017206,630.9488291174739,0.8089499571981907
638.1955282304805,0.03781442892267095,599.1912359457688,0.4879006691288974,633.2933494187407,0.8089499571981907
640.5400485317473,0.041244994576896454,600.1385168755735,0.4763499207216948,635.6378697200075,0.8075128283430422
642.8845688330141,0.04147678955353351,601.014751735643,0.4642244679438463,637.9823900212743,0.8031550827822691
645.2290891342809,0.04249668745073554,602.0686017700508,0.4519856931774199,640.3269103225412,0.7988900552121507
647.5736094355477,0.04648356104888962,603.1224518044586,0.43974691841099345,642.6714306238081,0.7946713866373598
649.9181297368145,0.050377716656389016,603.9868456529055,0.42859178516034435,645.0159509250749,0.7893864611700394
652.2626500380813,0.05116581957695432,604.8393984897298,0.41807408809544666,647.3604712263417,0.7805318930625111
654.6071703393483,0.051304896562936464,605.6919513265541,0.40698269846337265,649.7049915276085,0.7709819400250724
656.9516906406151,0.05450366724052513,606.4379350587753,0.39589130883129875,652.0495118288754,0.7614783459829609
659.2962109418819,0.05876869481064351,607.2904878955997,0.3844812011063491,654.3940321301423,0.7517429569642127
661.6407312431487,0.060344900651774225,608.2377688254044,0.371867047252758,656.5254142222029,0.7404468151027761
663.9852515444156,0.060344900651774225,609.1021626738512,0.35930247176916974,658.4436581050576,0.7291146162449739
666.3297718456824,0.060344900651774225,609.9665565222981,0.34710619274846,660.5750401971184,0.7179472493705579
668.6742921469493,0.060344900651774225,611.1075994604721,0.33553189691505936,662.9195604983852,0.7083045783424643
671.0188124482161,0.06238469644617861,612.1926667073394,0.324243481552844,665.1575116950489,0.6983930251414721
673.3633327494829,0.06748418593218963,613.2583577533698,0.313585548527081,667.1823246825066,0.6868455145053715
675.7078530507497,0.07049752062846881,614.3240487994001,0.3032335848704787,669.1005685653613,0.6755699766418582
678.0523733520165,0.07054387962379616,615.4091160462674,0.2919080823120015,671.2319506574221,0.6654688666599717
680.3968936532833,0.07054387962379616,616.6685691006669,0.2798779230245483,673.5764709586889,0.6557798366365508
682.7414139545501,0.07054387962379616,617.9280221550664,0.26756960976513067,675.7078530507497,0.6457096326515493
685.0859342558169,0.07054387962379616,619.0324656027706,0.2558871429426328,677.6260969336043,0.6345474167766141
687.4304545570837,0.07054387962379616,620.4558711257903,0.24478951267657245,679.6509099210621,0.6228695858536488
689.7749748583506,0.07054387962379616,622.636438958437,0.2334442382047035,681.8888611177258,0.6122950990194751
692.1194951596174,0.07054387962379616,624.6612519458947,0.22199871735832322,684.2333814189926,0.6027451459820363
694.4640154608842,0.07054387962379616,626.8992031425585,0.21207789235826546,686.5779017202594,0.6003808372203403
696.8085357621511,0.07054387962379616,629.2437234438253,0.20262065731148138,688.9224220215262,0.6001954012390308
699.0464869588149,0.07059487451865631,631.5882437450921,0.19320978126002475,691.266942322793,0.5969039125707873
,,633.932764046359,0.18370618721791332,693.61146262406,0.5916653460987942
,,636.2772843476258,0.17726228686740841,695.9559829253268,0.5896719092997171
,,638.6218046488926,0.17290454130663546,698.3005032265936,0.5896719092997171
,,640.9663249501594,0.16859315474118974,699.7924706910362,0.5895019263168502
,,643.3108452514263,0.16428176817574403,,
,,645.6553655526932,0.15969222763833413,,
,,647.99988585396,0.15450002016166842,,
,,650.3444061552268,0.14949324866631208,,
,,652.6889264564936,0.14513550310553913,,
,,655.0334467577604,0.14142678347934923,,
,,657.3779670590272,0.14091683453074821,,
,,659.722487360294,0.14138042448402188,,
,,662.0670076615609,0.14504278511488433,,
,,664.4115279628277,0.1491223767036931,,
,,666.7560482640945,0.150095915605568,,
,,669.1005685653613,0.15032771058220484,,
,,671.4450888666281,0.1564470979654181,,
,,673.7896091678949,0.16585797401687474,,
,,676.1341294691617,0.17271910532532586,,
,,678.4786497704287,0.17712320988142638,,
,,680.8231700716955,0.18375254621324066,,
,,683.1676903729623,0.19390516618993536,,
,,685.5122106742291,0.20368691420401097,,
,,687.856730975496,0.2133759442274319,,
,,690.2012512767628,0.22287953826954332,,
,,692.5457715780296,0.2323367733163274,,
,,694.8902918792965,0.24077411046590924,,
,,697.2348121805633,0.24554908698462863,,
,,699.2596251680209,0.24915349887133187,,
