# # wavelength [nm], r, g, b
400.00000000,0.07537688,0.06030151,0.41708543
405.00000000,0.06331373,0.05137905,0.45365717
410.00000000,0.05259700,0.04404979,0.48768464
415.00000000,0.04343186,0.03732679,0.51381910
420.00000000,0.03636237,0.03284414,0.53360553
425.00000000,0.03034947,0.03003655,0.55402010
430.00000000,0.02610855,0.02963682,0.57956449
435.00000000,0.02247348,0.03068372,0.60060720
440.00000000,0.02021048,0.03267474,0.61547320
445.00000000,0.01844069,0.03525202,0.63269472
450.00000000,0.01665736,0.03919482,0.64447236
455.00000000,0.01564641,0.05082705,0.64953556
460.00000000,0.01577966,0.08295944,0.65122289
465.00000000,0.01657149,0.14470078,0.64949749
470.00000000,0.01843498,0.24377094,0.63878614
475.00000000,0.01952947,0.36269891,0.61746231
480.00000000,0.02038602,0.48293551,0.59245301
485.00000000,0.02129016,0.59681509,0.55285355
490.00000000,0.02238465,0.68090452,0.50502513
495.00000000,0.02409776,0.74239950,0.44939978
500.00000000,0.02683557,0.78391960,0.39949749
505.00000000,0.03158977,0.81869417,0.34443049
510.00000000,0.03902086,0.84327889,0.28419877
515.00000000,0.04673367,0.85801694,0.24623116
520.00000000,0.05383927,0.87166895,0.20540201
525.00000000,0.05693239,0.88080174,0.16464266
530.00000000,0.05619004,0.88748668,0.14070352
535.00000000,0.05105071,0.89053221,0.12185930
540.00000000,0.04442668,0.89115083,0.10322058
545.00000000,0.03762222,0.88912746,0.08695096
550.00000000,0.03265168,0.88249962,0.07186395
555.00000000,0.03293741,0.87005482,0.05959215
560.00000000,0.03774079,0.85175879,0.04756738
565.00000000,0.07146845,0.83082077,0.03923024
570.00000000,0.16551508,0.80639598,0.03399574
575.00000000,0.31487796,0.77489880,0.03045911
580.00000000,0.48178392,0.73941134,0.02759060
585.00000000,0.66959799,0.69568909,0.02535404
590.00000000,0.80059388,0.64084310,0.02335541
595.00000000,0.88112437,0.58108725,0.02202299
600.00000000,0.93467337,0.50000000,0.02010050
605.00000000,0.95814140,0.43600817,0.01939622
610.00000000,0.96756510,0.36557789,0.01892988
615.00000000,0.97156236,0.31623395,0.01895843
620.00000000,0.97359525,0.27292132,0.02000533
625.00000000,0.97557865,0.24256700,0.02248744
630.00000000,0.97857469,0.22240252,0.02628674
635.00000000,0.98212654,0.20571608,0.03066469
640.00000000,0.98515304,0.19058360,0.03751713
645.00000000,0.98773539,0.18130425,0.04427440
650.00000000,0.99015913,0.17567953,0.05266865
655.00000000,0.98881085,0.17625628,0.06067839
660.00000000,0.98206944,0.18254150,0.06863865
665.00000000,0.97168965,0.19620831,0.07582229
670.00000000,0.95596036,0.21392188,0.08232450
675.00000000,0.93390758,0.24253210,0.08741434
680.00000000,0.90979492,0.27275265,0.09274593
685.00000000,0.89184493,0.30802450,0.09679077
690.00000000,0.88448186,0.34359296,0.10083562
695.00000000,0.88631006,0.37374372,0.10420283
700.00000000,0.89803183,0.40577889,0.10552764
705.00000000,0.91582915,0.42608878,0.10415715
710.00000000,0.93718593,0.44007538,0.10053106
715.00000000,0.96231156,0.44532321,0.09558017
720.00000000,0.97995184,0.44611314,0.09005254
725.00000000,0.99140251,0.44560302,0.08589348
730.00000000,0.99824838,0.44851396,0.08337140
735.00000000,0.99885422,0.45745774,0.08285747
740.00000000,0.98991106,0.47110553,0.08461817
745.00000000,0.97702147,0.49204355,0.08725445
750.00000000,0.96608040,0.51381910,0.09045226
755.00000000,0.95159827,0.53810429,0.09744746
760.00000000,0.94416131,0.55806812,0.10655938
765.00000000,0.93690041,0.57600115,0.12269682
770.00000000,0.93129283,0.59594462,0.15201005
775.00000000,0.92774478,0.61865462,0.18948911
780.00000000,0.92622202,0.64116299,0.25125628
785.00000000,0.92382366,0.66545982,0.34597990
790.00000000,0.92251768,0.69622999,0.43366834
795.00000000,0.91888261,0.72113461,0.53643216
800.00000000,0.90962141,0.73964995,0.61557789
805.00000000,0.89537968,0.75239624,0.68555077
810.00000000,0.87636388,0.75857613,0.74167714
815.00000000,0.85902506,0.75917085,0.77010050
820.00000000,0.84210985,0.75665258,0.78825842
825.00000000,0.82582473,0.75365464,0.79545032
830.00000000,0.81026159,0.75154180,0.79373121
835.00000000,0.79601712,0.74859144,0.78746003
840.00000000,0.78444886,0.74659281,0.77881745
845.00000000,0.77591080,0.74530608,0.76933366
850.00000000,0.77030988,0.74497487,0.76271509
855.00000000,0.76381910,0.74199406,0.75629283
860.00000000,0.75628141,0.73804629,0.75014276
865.00000000,0.74874372,0.73246916,0.74406122
870.00000000,0.73869347,0.72418913,0.73738008
875.00000000,0.72468244,0.71042714,0.73054667
880.00000000,0.71024829,0.69325141,0.72207629
885.00000000,0.69354585,0.67713568,0.70854271
890.00000000,0.67777254,0.66036781,0.69503769
895.00000000,0.66045505,0.64244254,0.68145415
900.00000000,0.64258794,0.62562814,0.66206030
905.00000000,0.62390075,0.60763889,0.64154104
910.00000000,0.60678392,0.59314908,0.62060302
915.00000000,0.59204975,0.57702575,0.60080786
920.00000000,0.57500465,0.56344221,0.58173972
925.00000000,0.56113903,0.54962312,0.56520101
930.00000000,0.54974874,0.53605528,0.55096664
935.00000000,0.53437519,0.52331972,0.53430346
940.00000000,0.51918592,0.50743719,0.51786711
945.00000000,0.50477503,0.49470733,0.50516471
950.00000000,0.48994975,0.47738693,0.48994975
955.00000000,0.47110553,0.46084590,0.46969221
960.00000000,0.45603015,0.44409548,0.45552764
965.00000000,0.44221106,0.42984366,0.44000728
970.00000000,0.41834171,0.40706426,0.42211055
975.00000000,0.40250442,0.39325098,0.40415426
980.00000000,0.38513458,0.37349246,0.38400335
985.00000000,0.36180905,0.35134003,0.36306533
990.00000000,0.34045226,0.33354271,0.34254606
995.00000000,0.31825796,0.31344221,0.32077052
1000.00000000,0.29773869,0.29396985,0.29899497
